-- MADG MES — Dados de demonstracao
-- Rodar APOS schema.sql
-- IMPORTANTE: O vinculo user_empresa deve ser criado apos o usuario se cadastrar via Auth

-- ============================================================
-- Empresas (2 empresas para testar isolamento)
-- ============================================================
INSERT INTO empresa (id, nome, segmento) VALUES
  ('00000000-0000-0000-0000-000000000001', 'Divinissimo Alimentos', 'Alimentos'),
  ('00000000-0000-0000-0000-000000000002', 'Metalurgica Exemplo', 'Metalurgia');

-- ============================================================
-- Unidades — Empresa 1 (Divinissimo)
-- ============================================================
INSERT INTO unidades (id, empresa_id, nome) VALUES
  ('10000000-0000-0000-0000-000000000001', '00000000-0000-0000-0000-000000000001', 'Fabrica PDQ'),
  ('10000000-0000-0000-0000-000000000002', '00000000-0000-0000-0000-000000000001', 'Fabrica Salgados');

-- Unidades — Empresa 2 (Metalurgica) — dados que NAO devem aparecer para empresa 1
INSERT INTO unidades (id, empresa_id, nome) VALUES
  ('10000000-0000-0000-0000-000000000099', '00000000-0000-0000-0000-000000000002', 'Planta Usinagem');

-- ============================================================
-- Linhas — Empresa 1
-- ============================================================
INSERT INTO linhas (id, unidade_id, nome, descricao) VALUES
  ('20000000-0000-0000-0000-000000000001', '10000000-0000-0000-0000-000000000001', 'Linha Unica', 'Linha principal de pao de queijo'),
  ('20000000-0000-0000-0000-000000000010', '10000000-0000-0000-0000-000000000002', 'Linha 01', 'Alta velocidade - Bufe'),
  ('20000000-0000-0000-0000-000000000011', '10000000-0000-0000-0000-000000000002', 'Linha 02', 'Media velocidade - Bufe/Food'),
  ('20000000-0000-0000-0000-000000000012', '10000000-0000-0000-0000-000000000002', 'Linha 03', 'Media velocidade - Bufe/Food'),
  ('20000000-0000-0000-0000-000000000013', '10000000-0000-0000-0000-000000000002', 'Linha 04', 'Baixa velocidade - Food'),
  ('20000000-0000-0000-0000-000000000014', '10000000-0000-0000-0000-000000000002', 'Linha 1.1', 'Alta velocidade - Bufe');

-- Linhas — Empresa 2 (dados isolados)
INSERT INTO linhas (id, unidade_id, nome, descricao) VALUES
  ('20000000-0000-0000-0000-000000000099', '10000000-0000-0000-0000-000000000099', 'CNC-01', 'Centro de usinagem');

-- ============================================================
-- Produtos — Empresa 1
-- ============================================================
INSERT INTO produtos (id, empresa_id, codigo, descricao, unidade_medida, peso_unitario) VALUES
  ('30000000-0000-0000-0000-000000000001', '00000000-0000-0000-0000-000000000001', 'P024.9', 'Pao de Queijo Hora do Forno 800G CX', 'kg', 0.8),
  ('30000000-0000-0000-0000-000000000002', '00000000-0000-0000-0000-000000000001', 'P001.91', 'Pao de Queijo Trad 800G CX', 'kg', 0.8),
  ('30000000-0000-0000-0000-000000000003', '00000000-0000-0000-0000-000000000001', 'P015.8', 'Pao de Queijo Divino Trad 3KG CX', 'kg', 3.0),
  ('30000000-0000-0000-0000-000000000004', '00000000-0000-0000-0000-000000000001', 'P001.8', 'Pao de Queijo Trad 3KG CX', 'kg', 3.0),
  ('30000000-0000-0000-0000-000000000005', '00000000-0000-0000-0000-000000000001', 'P022.91', 'Pao de Queijo Palito 800G CX', 'kg', 0.8),
  ('30000000-0000-0000-0000-000000000010', '00000000-0000-0000-0000-000000000001', 'SA2106', 'Coxinha Frango Bufe', 'un', 0.026),
  ('30000000-0000-0000-0000-000000000011', '00000000-0000-0000-0000-000000000001', 'SA2102', 'Bolinha Mucarela Bufe', 'un', 0.024),
  ('30000000-0000-0000-0000-000000000012', '00000000-0000-0000-0000-000000000001', 'SA2105', 'Cigarrete Bufe', 'un', 0.026),
  ('30000000-0000-0000-0000-000000000013', '00000000-0000-0000-0000-000000000001', 'SA2111', 'Escondidinho Carne Bufe', 'un', 0.026),
  ('30000000-0000-0000-0000-000000000014', '00000000-0000-0000-0000-000000000001', 'SA2123', 'Risole Milho Bufe', 'un', 0.026);

-- Produtos — Empresa 2 (dados isolados)
INSERT INTO produtos (id, empresa_id, codigo, descricao, unidade_medida) VALUES
  ('30000000-0000-0000-0000-000000000099', '00000000-0000-0000-0000-000000000002', 'EIXO-01', 'Eixo Transmissao 50mm', 'un');

-- ============================================================
-- Taxas de producao — Empresa 1
-- ============================================================
-- PDQ (kg/h)
INSERT INTO taxas_producao (produto_id, linha_id, velocidade, unidade_velocidade) VALUES
  ('30000000-0000-0000-0000-000000000001', '20000000-0000-0000-0000-000000000001', 1441, 'kg/h'),
  ('30000000-0000-0000-0000-000000000002', '20000000-0000-0000-0000-000000000001', 1420, 'kg/h'),
  ('30000000-0000-0000-0000-000000000003', '20000000-0000-0000-0000-000000000001', 1430.2, 'kg/h'),
  ('30000000-0000-0000-0000-000000000004', '20000000-0000-0000-0000-000000000001', 1387, 'kg/h'),
  ('30000000-0000-0000-0000-000000000005', '20000000-0000-0000-0000-000000000001', 1297, 'kg/h');

-- Salgados (un/h, varia por linha)
INSERT INTO taxas_producao (produto_id, linha_id, velocidade, unidade_velocidade) VALUES
  ('30000000-0000-0000-0000-000000000010', '20000000-0000-0000-0000-000000000010', 19000, 'un/h'),
  ('30000000-0000-0000-0000-000000000010', '20000000-0000-0000-0000-000000000011', 7920, 'un/h'),
  ('30000000-0000-0000-0000-000000000010', '20000000-0000-0000-0000-000000000012', 7920, 'un/h'),
  ('30000000-0000-0000-0000-000000000010', '20000000-0000-0000-0000-000000000013', 6360, 'un/h'),
  ('30000000-0000-0000-0000-000000000010', '20000000-0000-0000-0000-000000000014', 14640, 'un/h'),
  ('30000000-0000-0000-0000-000000000011', '20000000-0000-0000-0000-000000000010', 19200, 'un/h'),
  ('30000000-0000-0000-0000-000000000011', '20000000-0000-0000-0000-000000000011', 7920, 'un/h'),
  ('30000000-0000-0000-0000-000000000011', '20000000-0000-0000-0000-000000000012', 7920, 'un/h'),
  ('30000000-0000-0000-0000-000000000011', '20000000-0000-0000-0000-000000000014', 14880, 'un/h'),
  ('30000000-0000-0000-0000-000000000012', '20000000-0000-0000-0000-000000000010', 15000, 'un/h'),
  ('30000000-0000-0000-0000-000000000012', '20000000-0000-0000-0000-000000000011', 7920, 'un/h'),
  ('30000000-0000-0000-0000-000000000012', '20000000-0000-0000-0000-000000000012', 7920, 'un/h'),
  ('30000000-0000-0000-0000-000000000012', '20000000-0000-0000-0000-000000000014', 14400, 'un/h'),
  ('30000000-0000-0000-0000-000000000013', '20000000-0000-0000-0000-000000000011', 8000, 'un/h'),
  ('30000000-0000-0000-0000-000000000013', '20000000-0000-0000-0000-000000000012', 7930, 'un/h'),
  ('30000000-0000-0000-0000-000000000013', '20000000-0000-0000-0000-000000000013', 6360, 'un/h'),
  ('30000000-0000-0000-0000-000000000014', '20000000-0000-0000-0000-000000000010', 19000, 'un/h'),
  ('30000000-0000-0000-0000-000000000014', '20000000-0000-0000-0000-000000000011', 7920, 'un/h'),
  ('30000000-0000-0000-0000-000000000014', '20000000-0000-0000-0000-000000000012', 7920, 'un/h'),
  ('30000000-0000-0000-0000-000000000014', '20000000-0000-0000-0000-000000000014', 14640, 'un/h');

-- Empresa 2 (isolado)
INSERT INTO taxas_producao (produto_id, linha_id, velocidade, unidade_velocidade) VALUES
  ('30000000-0000-0000-0000-000000000099', '20000000-0000-0000-0000-000000000099', 12, 'un/h');

-- ============================================================
-- Motivos de parada — Empresa 1
-- ============================================================
INSERT INTO motivos_parada (id, empresa_id, nome, tipo) VALUES
  ('40000000-0000-0000-0000-000000000001', '00000000-0000-0000-0000-000000000001', 'Quebra mecanica', 'nao_planejada'),
  ('40000000-0000-0000-0000-000000000002', '00000000-0000-0000-0000-000000000001', 'Setup / Troca de produto', 'setup'),
  ('40000000-0000-0000-0000-000000000003', '00000000-0000-0000-0000-000000000001', 'Falta de material', 'nao_planejada'),
  ('40000000-0000-0000-0000-000000000004', '00000000-0000-0000-0000-000000000001', 'Falta de operador', 'nao_planejada'),
  ('40000000-0000-0000-0000-000000000005', '00000000-0000-0000-0000-000000000001', 'Limpeza', 'planejada'),
  ('40000000-0000-0000-0000-000000000006', '00000000-0000-0000-0000-000000000001', 'Intervalo / Refeicao', 'planejada'),
  ('40000000-0000-0000-0000-000000000007', '00000000-0000-0000-0000-000000000001', 'Manutencao preventiva', 'planejada'),
  ('40000000-0000-0000-0000-000000000008', '00000000-0000-0000-0000-000000000001', 'Problema de qualidade', 'nao_planejada'),
  ('40000000-0000-0000-0000-000000000009', '00000000-0000-0000-0000-000000000001', 'Falta de energia', 'nao_planejada'),
  ('40000000-0000-0000-0000-000000000010', '00000000-0000-0000-0000-000000000001', 'Ajuste de maquina', 'setup');

-- Motivos — Empresa 2 (isolado)
INSERT INTO motivos_parada (empresa_id, nome, tipo) VALUES
  ('00000000-0000-0000-0000-000000000002', 'Troca de ferramenta', 'setup'),
  ('00000000-0000-0000-0000-000000000002', 'Quebra', 'nao_planejada');

-- ============================================================
-- Turnos — Empresa 1
-- ============================================================
INSERT INTO turnos (unidade_id, nome, hora_inicio, hora_fim) VALUES
  ('10000000-0000-0000-0000-000000000001', 'Comercial', '05:50', '16:15'),
  ('10000000-0000-0000-0000-000000000002', 'Comercial', '07:45', '16:25');

-- ============================================================
-- Ordens de producao (exemplos) — Empresa 1
-- ============================================================
INSERT INTO ordens_producao (unidade_id, linha_id, produto_id, data, hora_inicio, hora_fim, velocidade_padrao, tempo_planejado, tempo_setup, tempo_parada, qtd_produzida, qtd_rejeitada, qtd_reprocesso, observacao) VALUES
  ('10000000-0000-0000-0000-000000000001', '20000000-0000-0000-0000-000000000001', '30000000-0000-0000-0000-000000000001',
   '2026-04-01', '05:50', '16:09', 1441, 60, 0, 0, 11277.80, 32.94, 270, 'Producao normal'),
  ('10000000-0000-0000-0000-000000000001', '20000000-0000-0000-0000-000000000001', '30000000-0000-0000-0000-000000000001',
   '2026-04-07', '05:55', '16:16', 1441, 58, 0, 10, 10914, 38.84, 243, 'Parada breve de 10min'),
  ('10000000-0000-0000-0000-000000000001', '20000000-0000-0000-0000-000000000001', '30000000-0000-0000-0000-000000000002',
   '2026-04-08', '05:50', '16:14', 1420, 56, 0, 6, 11357.85, 31.23, 207, NULL),
  ('10000000-0000-0000-0000-000000000001', '20000000-0000-0000-0000-000000000001', '30000000-0000-0000-0000-000000000001',
   '2026-04-09', '05:50', '14:56', 1441, 50, 0, 0, 9458.80, 11.50, 72, NULL),
  ('10000000-0000-0000-0000-000000000001', '20000000-0000-0000-0000-000000000001', '30000000-0000-0000-0000-000000000005',
   '2026-04-14', '05:50', '08:08', 1297, 0, 20, 3, 2322.90, 0, 0, 'Palito - manha'),
  ('10000000-0000-0000-0000-000000000001', '20000000-0000-0000-0000-000000000001', '30000000-0000-0000-0000-000000000002',
   '2026-04-14', '08:28', '15:35', 1420, 0, 0, 36, 7441.35, 64.77, 200, 'Trad - tarde'),
  ('10000000-0000-0000-0000-000000000002', '20000000-0000-0000-0000-000000000011', '30000000-0000-0000-0000-000000000013',
   '2026-04-01', '07:57', '11:10', 8000, 0, 0, 32, 20747, 181, 0, 'Escondidinho na L02'),
  ('10000000-0000-0000-0000-000000000002', '20000000-0000-0000-0000-000000000010', '30000000-0000-0000-0000-000000000010',
   '2026-04-01', '09:36', '14:19', 19000, 120, 0, 36, 39644, 1078, 0, 'Coxinha na L01'),
  ('10000000-0000-0000-0000-000000000002', '20000000-0000-0000-0000-000000000014', '30000000-0000-0000-0000-000000000010',
   '2026-04-07', '07:52', '14:19', 15200, 0, 0, 85, 76496, 1024, 0, 'Coxinha na L1.1');

-- ============================================================
-- IMPORTANTE: Vinculo usuario-empresa
-- Apos criar um usuario via Auth (email/senha), rode:
--
-- INSERT INTO user_empresa (user_id, empresa_id, papel)
-- VALUES ('<UUID-DO-USUARIO>', '00000000-0000-0000-0000-000000000001', 'admin');
--
-- Isso vincula o usuario a Empresa 1 (Divinissimo).
-- Sem esse vinculo, o usuario nao vera nenhum dado.
-- ============================================================
